id,users,password,session_state,imgPath
6bf15d,1,1,False,1-6bf15d_img.jpg
0478d7,1,1,False,1-0478d7_img.jpg
3ea7d2,admin,admin,False,admin-3ea7d2_img.jpg
f3bbe2,admin,admin,False,admin-f3bbe2_img.jpg
a65768,admin,admin,False,admin-a65768_img.jpg
8e1a8b,admin,admin,False,admin-8e1a8b_img.jpg
c93f9d,admin,admin,False,admin-c93f9d_img.jpg
775b5c,admin,admin,False,admin-775b5c_img.jpg
fe6c37,admin,admin,False,admin-fe6c37_img.jpg
5019d4,admin,admin,False,admin-5019d4_img.jpg
08e02b,admin,admin,False,admin-08e02b_img.jpg
b38a7b,admin,admin,False,admin-b38a7b_img.jpg
fee919,admin,admin,False,admin-fee919_img.jpg
19f16b,admin,admin,False,admin-19f16b_img.jpg
a44090,2,admin,False,2-a44090_img.jpg
4f8bbf,2,admin,False,2-4f8bbf_img.jpg
b4cf3c,rafael,rafa,False,rafael-b4cf3c_img.jpg
330075,rafael,rafa,False,rafael-330075_img.jpg
6a4ebf,a,a,False,a-6a4ebf_img.jpg
a1df8b,a,a,False,a-a1df8b_img.jpg
5db911,aa,a,False,aa-5db911_img.jpg
fd0256,aa,a,False,aa-fd0256_img.jpg
4dbfc0,mati,mati,False,mati-4dbfc0_img.jpg
d4323b,mati,mati,False,mati-d4323b_img.jpg
12aecd,a,a,False,a-12aecd_img.jpg
4a0ff6,a,a,False,a-4a0ff6_img.jpg
2752d6,a,a,False,a-2752d6_img.jpg
f196d8,a,a,False,a-f196d8_img.jpg
4c53bb,a,a,False,a-4c53bb_img.jpg
c11dee,a,a,False,a-c11dee_img.jpg
bd4a8a,hola,jaja,False,hola-bd4a8a_img.jpg
ccf782,hola,jaja,False,hola-ccf782_img.jpg
1b0ad2,1,f,False,1-1b0ad2_img.jpg
ca7218,1,f,False,1-ca7218_img.jpg
c8fcdd,as,a,False,as-c8fcdd_img.jpg
444487,as,a,False,as-444487_img.jpg
8eb7d6,1,1,False,1-8eb7d6_img.jpg
1bfb7b,1,1,False,1-1bfb7b_img.jpg
0e043c,a,1aa,False,a-0e043c_img.jpg
0031eb,a,1aa,False,a-0031eb_img.jpg
5e16fc,aa,alo,False,aa-5e16fc_img.jpg
4923ac,aa,alo,False,aa-4923ac_img.jpg
6d36ba,a,a,False,a-6d36ba_img.jpg
8efed6,a,a,False,a-8efed6_img.jpg
f87d09,a,a,False,a-f87d09_img.jpg
93c613,a,a,False,a-93c613_img.jpg
67bfeb,s,s,False,s-67bfeb_img.jpg
7c8b76,s,s,False,s-7c8b76_img.jpg
cf9ee4,s,s,False,s-cf9ee4_img.jpg
bef4bb,s,s,False,s-bef4bb_img.jpg
2713c5,s,s,False,s-2713c5_img.jpg
efcb5b,s,s,False,s-efcb5b_img.jpg
276b31,as,as,False,as-276b31_img.jpg
5d1bb2,as,as,False,as-5d1bb2_img.jpg
cbfb9f,a,a,False,a-cbfb9f_img.jpg
e4d7fd,a,a,False,a-e4d7fd_img.jpg
ffc9db,a,a,False,a-ffc9db_img.jpg
47a7db,a,a,False,a-47a7db_img.jpg
6a3dc0,a,a,False,a-6a3dc0_img.jpg
ea5d07,a,a,False,a-ea5d07_img.jpg
55abb4,a,a,False,a-55abb4_img.jpg
e4bddc,a,a,False,a-e4bddc_img.jpg
9e05cc,a,a,False,a-9e05cc_img.jpg
b157e4,a,a,False,a-b157e4_img.jpg
78c143,a,a,False,a-78c143_img.jpg
9a082d,a,a,False,a-9a082d_img.jpg
7a2bf3,as,s,False,as-7a2bf3_img.jpg
cc8237,as,s,False,as-cc8237_img.jpg
b0442f,s,,False,s-b0442f_img.jpg
35912c,s,,False,s-35912c_img.jpg
fa5af5,s,s,False,s-fa5af5_img.jpg
acc2c3,s,s,False,s-acc2c3_img.jpg
67f9f3,,,False,-67f9f3_img.jpg
6aefee,,,False,-6aefee_img.jpg
55522a,,,False,-55522a_img.jpg
0c1c27,,,False,-0c1c27_img.jpg
56a842,,,False,-56a842_img.jpg
64f584,,,False,-64f584_img.jpg
b71a72,a,a,False,a-b71a72_img.jpg
edca5f,a,a,False,a-edca5f_img.jpg
99a740,,,False,-99a740_img.jpg
e160ed,,,False,-e160ed_img.jpg
f23e74,,,False,-f23e74_img.jpg
78375c,,,False,-78375c_img.jpg
dc6172,,,False,-dc6172_img.jpg
c6078b,,,False,-c6078b_img.jpg
f8d99d,,,False,-f8d99d_img.jpg
f76ace,,,False,-f76ace_img.jpg
d13d3d,ALO,AL,False,ALO-d13d3d_img.jpg
592504,ALO,AL,False,ALO-592504_img.jpg
08ff97,ALO,AL,False,ALO-08ff97_img.jpg
fd01a6,ALO,AL,False,ALO-fd01a6_img.jpg
20bef8,ss,s,False,ss-20bef8_img.jpg
0195f8,ss,s,False,ss-0195f8_img.jpg
cf2b39,a,a,False,a-cf2b39_img.jpg
250098,a,a,False,a-250098_img.jpg
f74396,a,a,False,a-f74396_img.jpg
36c890,a,a,False,a-36c890_img.jpg
2a076e,holahol,hola,False,holahol-2a076e_img.jpg
bf1f92,holahol,hola,False,holahol-bf1f92_img.jpg
7da5b2,as,assd,False,as-7da5b2_img.jpg
3143ec,as,assd,False,as-3143ec_img.jpg
928c8d,add,a,False,add-928c8d_img.jpg
fb516e,add,a,False,add-fb516e_img.jpg
2f0e6b,asdas,sd,False,asdas-2f0e6b_img.jpg
233ac9,asdas,sd,False,asdas-233ac9_img.jpg
0dddf5,ad,sadasds,False,ad-0dddf5_img.jpg
ae2e19,ad,sadasds,False,ad-ae2e19_img.jpg
416bee,,,False,-416bee_img.jpg
a7b14d,,,False,-a7b14d_img.jpg
d4c39b,,,False,-d4c39b_img.jpg
e0e406,,,False,-e0e406_img.jpg
1d1e1b,ljjl,jkjljljl,False,ljjl-1d1e1b_img.jpg
a851fe,ljjl,jkjljljl,False,ljjl-a851fe_img.jpg
af8c6f,adsa,dadsa,False,adsa-af8c6f_img.jpg
b28fbf,adsa,dadsa,False,adsa-b28fbf_img.jpg
feecbb,asda,sdadssad,False,asda-feecbb_img.jpg
ed2c91,asda,sdadssad,False,asda-ed2c91_img.jpg
f4f9d2,a,aadsda,False,a-f4f9d2_img.jpg
85b16c,a,aadsda,False,a-85b16c_img.jpg
b15c29,aasdsa,aadsda,False,aasdsa-b15c29_img.jpg
bfa9a7,aasdsa,aadsda,False,aasdsa-bfa9a7_img.jpg
82b651,aasdsaa,aadsda,False,aasdsaa-82b651_img.jpg
b26093,aasdsaa,aadsda,False,aasdsaa-b26093_img.jpg
5413ec,saddsa,sadasdds,False,saddsa-5413ec_img.jpg
199fb8,saddsa,sadasdds,False,saddsa-199fb8_img.jpg
537cf3,Matb,adg,False,Matb-537cf3_img.jpg
8a90c4,Matb,adg,False,Matb-8a90c4_img.jpg
898278,sadsad,asddsasad,False,sadsad-898278_img.jpg
33d556,sadsad,asddsasad,False,sadsad-33d556_img.jpg
6fea39,asad,asadssad,False,asad-6fea39_img.jpg
093daa,asad,asadssad,False,asad-093daa_img.jpg
778e25,fa,fsdfsdf,False,fa-778e25_img.jpg
df364a,fa,fsdfsdf,False,fa-df364a_img.jpg
b8e850,fasadasdssadsad,fsdfsdf,False,fasadasdssadsad-b8e850_img.jpg
7a17f4,fasadasdssadsad,fsdfsdf,False,fasadasdssadsad-7a17f4_img.jpg
b89584,sadsasds,sadasd,False,sadsasds-b89584_img.jpg
8e5c80,sadsasds,sadasd,False,sadsasds-8e5c80_img.jpg
62736b,sadsasdsassadsad,sadasd,False,sadsasdsassadsad-62736b_img.jpg
e7fc3d,sadsasdsassadsad,sadasd,False,sadsasdsassadsad-e7fc3d_img.jpg
dc6305,sdfsdfdssdfsd,fsdsdfsdf,False,sdfsdfdssdfsd-dc6305_img.jpg
85cb1c,sdfsdfdssdfsd,fsdsdfsdf,False,sdfsdfdssdfsd-85cb1c_img.jpg
d28a87,sadfsadffs,fsdfsd,False,sadfsadffs-d28a87_img.jpg
449e61,sadfsadffs,fsdfsd,False,sadfsadffs-449e61_img.jpg
7cf4bd,SADSADSAD,SSADSADAD,False,SADSADSAD-7cf4bd_img.jpg
7f90c9,SADSADSAD,SSADSADAD,False,SADSADSAD-7f90c9_img.jpg
9f57b4,zvsdgsdg,gsdgsd,False,zvsdgsdg-9f57b4_img.jpg
4313ad,zvsdgsdg,gsdgsd,False,zvsdgsdg-4313ad_img.jpg
57bd04,prueba,prueba,False,prueba-57bd04_img.jpg
d865bc,prueba,prueba,False,prueba-d865bc_img.jpg
eb9c0e,enrique,matias,False,enrique-eb9c0e_img.jpg
d84717,enrique,matias,False,enrique-d84717_img.jpg
834b40,vxsdgsgfsd,sdfsdfsdf,False,vxsdgsgfsd-834b40_img.jpg
5e94af,vxsdgsgfsd,sdfsdfsdf,False,vxsdgsgfsd-5e94af_img.jpg
677bcb,asadassad,a,False,asadassad-677bcb_img.jpg
29a0cd,,,False,-29a0cd_img.jpg
a67377,,,False,-a67377_img.jpg
6a1621,,,False,-6a1621_img.jpg
a7932f,a,a,False,a-a7932f_img.jpg
cc5dc9,a,a,False,a-cc5dc9_img.jpg
981ccd,hola,kase,False,hola-981ccd_img.jpg
7fedee,hola,kase,False,hola-7fedee_img.jpg
2c1d57,,,False,-2c1d57_img.jpg
0027a6,,,False,-0027a6_img.jpg
9c9e2f,dfvd,fvdfg,False,dfvd-9c9e2f_img.jpg
a03dd3,dfvd,fvdfg,False,dfvd-a03dd3_img.jpg
aeedea,,,False,-aeedea_img.jpg
5c3cf9,,,False,-5c3cf9_img.jpg
747b4e,j,k,False,j-747b4e_img.jpg
1de756,j,k,False,j-1de756_img.jpg
c59015,fgb,dfgdfg,False,fgb-c59015_img.jpg
1a3f0f,fgb,dfgdfg,False,fgb-1a3f0f_img.jpg
0377e7,fgbg,dfgdfg,False,fgbg-0377e7_img.jpg
6a7a7c,fgbg,dfgdfg,False,fgbg-6a7a7c_img.jpg
fd66a3,,,False,-fd66a3_img.jpg
e6b135,,,False,-e6b135_img.jpg
7eccc3,,,False,-7eccc3_img.jpg
306188,,,False,-306188_img.jpg
817f75,,,False,-817f75_img.jpg
0f92af,,,False,-0f92af_img.jpg
e33a1b,,,False,-e33a1b_img.jpg
5954ae,,,False,-5954ae_img.jpg
93b1aa,aaa,aa,False,aaa-93b1aa_img.jpg
97f2b6,sadassda,asddsadasdas,False,sadassda-97f2b6_img.jpg
d5ed10,xcvbcvmvcbmcvb,jfghfghgf,False,xcvbcvmvcbmcvb-d5ed10_img.jpg
fb8906,ghjjgh,j,False,ghjjgh-fb8906_img.jpg
d5aeee,fghfg,hg,False,fghfg-d5aeee_img.jpg
3c953c,dfhdrgdf,df,False,dfhdrgdf-3c953c_img.jpg
435f38,zxvz,vczxczx,False,zxvz-435f38_img.jpg
759d45,cvbdf,gdfgdfg,False,cvbdf-759d45_img.jpg
aa9ec5,asdass,dasdas,False,asdass-aa9ec5_img.jpg
97fec6,vnbfgnfghj,fhfgh,False,vnbfgnfghj-97fec6_img.jpg
d336c0,fgdhb,fghfghfg,False,fgdhb-d336c0_img.jpg
4eb9e5,fgdhbzzz,fghfghfg,False,fgdhbzzz-4eb9e5_img.jpg
373b3a,"nm v,nk",ljkljk,False,"nm v,nk-373b3a_img.jpg"
e9fbf5,aaaa,aaaaaa,False,aaaa-e9fbf5_img.jpg
789ece,ddd,dddd,False,ddd-789ece_img.jpg
7f5737,aaaaafas,aaaaa,False,aaaaafas-7f5737_img.jpg
fb5b22,afafasf,aaafasf,False,afafasf-fb5b22_img.jpg
0584e6,admin1,*****1,False,admin1-0584e6_img.jpg
12534d,admina,admina,False,admina-12534d_img.jpg
902c16,Wholeheartedly,adm,False,Wholeheartedly-902c16_img.jpg
8e641d,afasfafas,fafas,False,afasfafas-8e641d_img.jpg
039f0f,asdasd,aasd,False,asdasd-039f0f_img.jpg
714ec8,gfdgdfg,dfghdf,False,gfdgdfg-714ec8_img.jpg
04db85,gfdgdfgss,dfhgdgdfgdf,False,gfdgdfgss-04db85_img.jpg
98e1c9,ASDASDAS,DSADAS,False,ASDASDAS-98e1c9_img.jpg
91e798,ASD,ADA,False,ASD-91e798_img.jpg
9e648e,fasasdfasd,asdas,False,fasasdfasd-9e648e_img.jpg
5bfe34,asdads,dasads,False,asdads-5bfe34_img.jpg
374cc7,asdasdasdadasFD,adsasd,False,asdasdasdadasFD-374cc7_img.jpg
d8b6c6,asdasdasdadasFDdfghdg,adsasd,False,asdasdasdadasFDdfghdg-d8b6c6_img.jpg
8d2fb6,dasads,asdasdas,False,dasads-8d2fb6_img.jpg
e3b981,                   ,                 ,False,                   -e3b981_img.jpg
bbda9c,asdasddasdas,asdsadasdasdsa,False,asdasddasdas-bbda9c_img.jpg
a78b56,asdasddasdas ,asdsadasdasdsa,False,asdasddasdas -a78b56_img.jpg
9be4e7,ABCa,addd,False,ABCa-9be4e7_img.jpg
9332d5,ABCada,addds  s,False,ABCada-9332d5_img.jpg
019832, fasd fsdf sd,f sdf sd f,False, fasd fsdf sd-019832_img.jpg
503c91,asdasd  ,adsasddas,False,asdasd  -503c91_img.jpg
48a10b,asdasd   ,adsasddas,False,asdasd   -48a10b_img.jpg
bd379b,asdasd    ,adsasddas,False,asdasd    -bd379b_img.jpg
726e14,asdasdasV,dasdasd,False,asdasdasV-726e14_img.jpg
559460,adasdsada,dasd,False,adasdsada-559460_img.jpg
a05894,Wholeheartedly1,ola,False,Wholeheartedly1-a05894_img.jpg
7cc87d,AOLD,ASDKJASD,False,AOLD-7cc87d_img.jpg
ce3c97,DASDSA,DASD,False,DASDSA-ce3c97_img.jpg
784a90,tryhrty,rteyrtyrt,False,tryhrty-784a90_img.jpg
f07f84,dfghdfgh,gfhfgh,False,dfghdfgh-f07f84_img.jpg
0b6ccc,fghjnghjghjghj,ghjghjg,False,fghjnghjghjghj-0b6ccc_img.jpg
5a99c3,fghdfhdrf,gd,False,fghdfhdrf-5a99c3_img.jpg
477175,adsadsa,dasdasdas,False,adsadsa-477175_img.jpg
d0d41b,jklj,ljk,False,jklj-d0d41b_img.jpg
2be27e,adasasdasdas,dasddasdasd,False,adasasdasdas-2be27e_img.jpg
47ed8e,svgsdf,sdfsdf,False,svgsdf-47ed8e_img.jpg
2a589a,d,d,False,d-2a589a_img.jpg
dd6ea9,ola,ola,False,ola-dd6ea9_img.jpg
3e1dc1,admi,*,False,admi-3e1dc1_img.jpg
db2c66,matias,mati,False,matias-db2c66_img.jpg
7655dc,alo,alo,False,alo-7655dc_img.jpg
f411e9,user,user,False,user-f411e9_img.jpg
28574d,fake,fake,False,fake-28574d_img.jpg
600718,jlk,lkjklj,False,jlk-600718_img.jpg
5cb92f,ardasd,sadasd,False,ardasd-5cb92f_img.jpg
c1dc9f,asdasdkjsa,dasjdokas,False,asdasdkjsa-c1dc9f_img.jpg
b3be5c,adsasdas,dadssa,False,adsasdas-b3be5c_img.jpg
66a4ba,adminadmin,adminadmin,False,adminadmin-66a4ba_img.jpg
0b4fda,Admin,Admin,False,Admin-0b4fda_img.jpg
4b2b49, , ,False, -4b2b49_img.jpg
ea3035,  ,  ,False,  -ea3035_img.jpg
